<?xml version="1.0" encoding="utf-8" ?>
<Autodiscover xmlns="http://schemas.microsoft.com/exchange/autodiscover/responseschema/2006">
    <Response xmlns="http://schemas.microsoft.com/exchange/autodiscover/outlook/responseschema/2006a">
        <Account>
            <AccountType>email</AccountType>
            <Action>settings</Action>
            <Protocol>
                <Type>IMAP</Type>
                <Server>kravspie.com</Server>
                <Port>993</Port>
                <DomainRequired>off</DomainRequired>
                <SPA>off</SPA>
                <SSL>on</SSL>
                <AuthRequired>on</AuthRequired>
            </Protocol>

            <Protocol>
                <Type>SMTP</Type>
                <Server>kravspie.com</Server>
                <Port>465</Port>
                <DomainRequired>off</DomainRequired>
                <SPA>off</SPA>
                <SSL>on</SSL>
                <AuthRequired>on</AuthRequired>
                <UsePOPAuth>on</UsePOPAuth>
                <SMTPLast>on</SMTPLast>
            </Protocol>
        </Account>
    </Response>
</Autodiscover>
